ID NAP;DIRECCION;Puertos_Utilizados;Puertos_Disponibles;Latitud;Longitud
LABO-TANDIL;Santamarina 450 , TANDIL;7;1;-37,3257523;-59,1300813
SM-C05-40;Roser 1578, TANDIL;4;4;-37,3291518;-59,1173412
SM-C01-07;BUZON 830, TANDIL;0;16;-37,3169184;-59,1205074
SM-C01-08;AV BUZON 792, TANDIL;2;14;-37,3172934;-59,1203199
SM-C01-09;AV BUZON 736, TANDIL;2;6;-37,3179058;-59,1199413
SM-C01-11;AV BUZON 708, TANDIL;0;16;-37,3183732;-59,1198196
SM-C01-12;AV BUZON 696, TANDIL;4;12;-37,3186034;-59,1196357
SM-C01-13;AV BUZON 674, TANDIL;3;5;-37,3187878;-59,1194481
SM-C01-15;AV BUZON 795, TANDIL;5;11;-37,3195556;-59,1190312
SM-C01-16;AV BUZON 584, TANDIL;1;15;-37,3196615;-59,118848
SM-C01-17;AV BUZON 556, TANDIL;2;6;-37,3201966;-59,1186163
SM-C01-19;AV BUZON 498, TANDIL;5;11;-37,3208472;-59,1183544
SM-C01-20;AV BUZON 484, TANDIL;4;12;-37,3210575;-59,1181102
SM-C01-21;AV BUZON 456, TANDIL;2;6;-37,3214417;-59,1178715
SM-C01-23;AV BUZON 426, TANDIL;3;13;-37,3218128;-59,1176241
SM-C01-24;AV BUZON 402, TANDIL;7;9;-37,3222904;-59,1172398
SM-C01-25;AV BUZON 342, TANDIL;1;7;-37,3229179;-59,1169587
SM-C01-27;AV BUZON 308, TANDIL;2;14;-37,3232472;-59,1168744
SM-C01-28;AV BUZON 284, TANDIL;3;13;-37,3234735;-59,116773
SM-C01-29;AV BUZON 270, TANDIL;3;5;-37,3237713;-59,1165729
SM-C01-31;AV BUZON 244, TANDIL;3;13;-37,3241107;-59,1163163
SM-C01-32;AV BUZON 198, TANDIL;1;15;-37,3247175;-59,1159573
SM-C01-33;AV BUZON 158, TANDIL;0;8;-37,3253193;-59,1155264
SM-C01-35;AV BUZON 134, TANDIL;0;16;-37,325606;-59,1153865
SM-C01-36;AV BUZON 74, TANDIL;0;16;-37,3259625;-59,1151894
SM-C01-37;AV BUZON 46, TANDIL;0;8;-37,3264487;-59,1149817
SM-C01-40;AV AVELLANEDA 1738, TANDIL;2;6;-37,3271409;-59,1155192
SM-C02-04;SAAVEDRA 898, TANDIL;4;12;-37,3166788;-59,1224099
SM-C02-05;SAAVEDRA 864, TANDIL;3;5;-37,3170059;-59,1222411
SM-C02-07;SAAVEDRA 802, TANDIL;4;12;-37,3177387;-59,1219062
SM-C02-08;SAAVEDRA 798, TANDIL;6;10;-37,3178737;-59,1218408
SM-C02-09;SAAVEDRA 751, TANDIL;0;8;-37,3184597;-59,1214572
SM-C02-11;SAAVEDRA 702, TANDIL;3;13;-37,3188667;-59,1211924
SM-C02-12;SAAVEDRA 695, TANDIL;5;11;-37,3190578;-59,1210911
SM-C02-13;SAAVEDRA 670, TANDIL;8;0;-37,3194359;-59,1209306
SM-C02-15;SAAVEDRA 608, TANDIL;5;11;-37,3201024;-59,1205678
SM-C02-16;SAAVEDRA 699, TANDIL;8;8;-37,3203013;-59,120522
SM-C02-17;SAAVEDRA 560, TANDIL;3;5;-37,3206469;-59,1202694
SM-C02-19;SAAVEDRA 532, TANDIL;4;12;-37,3209685;-59,1199534
SM-C02-20;SAAVEDRA 496, TANDIL;6;10;-37,3214086;-59,1197737
SM-C02-21;SAAVEDRA 436, TANDIL;7;1;-37,322243;-59,1192813
SM-C02-23;SAAVEDRA 405, TANDIL;5;11;-37,3226513;-59,1189672
SM-C02-24;SAAVEDRA 398, TANDIL;7;9;-37,3228268;-59,1189543
SM-C02-27;SAAVEDRA 309, TANDIL;4;12;-37,3238548;-59,1182831
SM-C02-28;SAAVEDRA 298, TANDIL;6;10;-37,3240324;-59,1181932
SM-C02-29;SAAVEDRA 240, TANDIL;4;4;-37,3246482;-59,1177843
SM-C02-31;SAAVEDRA 198, TANDIL;1;15;-37,325089;-59,1175501
SM-C02-32;25 de MAYO 699, TANDIL;7;9;-37,3251463;-59,1175575
SM-C02-33;SAAVEDRA 154, TANDIL;1;7;-37,3257141;-59,117108
SM-C02-35;SAAVEDRA 108, TANDIL;11;5;-37,3261171;-59,116899
SM-C02-36;SAAVEDRA 92, TANDIL;5;11;-37,3265633;-59,1166545
SM-C02-37;SAAVEDRA 50, TANDIL;2;6;-37,3269212;-59,1164274
SM-C02-39;AV AVELLANEDA 1698, TANDIL;1;15;-37,3274477;-59,1161377
SM-C02-41;AV AVELLANEDA 1678, TANDIL;1;7;-37,3275591;-59,1165509
SM-C03-04;MARCONI 1599, TANDIL;3;13;-37,3172354;-59,1239753
SM-C03-05;MORENO 833, TANDIL;3;5;-37,3177555;-59,1236634
SM-C03-07;MORENO 810, TANDIL;10;6;-37,3182698;-59,1234099
SM-C03-08;MORENO 798, TANDIL;6;10;-37,3185849;-59,1231781
SM-C03-09;MORENO 742, TANDIL;5;3;-37,3189732;-59,1228968
SM-C03-11;MORENO 706, TANDIL;1;15;-37,3195255;-59,1226008
SM-C03-12;MORENO 694, TANDIL;7;9;-37,3196219;-59,1225592
SM-C03-13;MORENO 666, TANDIL;2;6;-37,3199276;-59,1223817
SM-C03-15;MORENO 608, TANDIL;1;15;-37,320562;-59,1220146
SM-C03-16;MORENO 599, TANDIL;0;16;-37,320794;-59,1218842
SM-C03-17;MORENO 550, TANDIL;8;0;-37,321229;-59,1215854
SM-C03-19;MORENO 508, TANDIL;5;11;-37,321842;-59,1212424
SM-C03-20;GENERAL PINTO 1595, TANDIL;2;14;-37,321987;-59,1211902
SM-C03-21;MORENO 471, TANDIL;5;3;-37,3223282;-59,1209191
SM-C03-23;MORENO 426, TANDIL;2;14;-37,3228852;-59,1205861
SM-C03-24;MORENO 396, TANDIL;10;6;-37,3234153;-59,1203379
SM-C03-25;MORENO 530, TANDIL;4;12;-37,3235367;-59,1198209
SM-C03-27;MORENO 320, TANDIL;7;9;-37,3244506;-59,1195735
SM-C03-28;MORENO 286, TANDIL;1;15;-37,324563;-59,1196593
SM-C03-29;MORENO 238, TANDIL;4;4;-37,3252467;-59,1192234
SM-C03-31;MORENO 214, TANDIL;1;15;-37,3254149;-59,119084
SM-C03-32;MORENO 195, TANDIL;8;8;-37,3263953;-59,1186325
SM-C03-33;MORENO 152, TANDIL;2;6;-37,3263361;-59,1185655
SM-C03-35;MORENO 110, TANDIL;2;14;-37,3267594;-59,1183982
SM-C03-36;CONSTITUCION 1599, TANDIL;13;3;-37,3269352;-59,1182491
SM-C04-04;MONTIEL 897, TANDIL;1;15;-37,3178238;-59,1256449
SM-C04-05;MONTIEL 849, TANDIL;3;5;-37,3183564;-59,1251094
SM-C04-07;MONTIEL 809, TANDIL;7;9;-37,3188237;-59,1248291
SM-C04-08;MONTIEL 792, TANDIL;6;10;-37,3190271;-59,1247735
SM-C04-09;MONTIEL 770, TANDIL;2;6;-37,3192945;-59,124527
SM-C04-11;MONTIEL 705, TANDIL;3;13;-37,3201226;-59,1242388
SM-C04-12;MONTIEL 692, TANDIL;5;11;-37,3201592;-59,1240359
SM-C04-13;MONTIEL 638, TANDIL;4;4;-37,3208653;-59,1237177
SM-C04-15;MONTIEL 602, TANDIL;6;10;-37,3211485;-59,1235203
SM-C04-19;MONTIEL 526, TANDIL;3;13;-37,3220907;-59,1228855
SM-C04-22;MONTIEL 435, TANDIL;1;15;-37,3233903;-59,1221312
SM-C04-23;MONTIEL 408, TANDIL;3;13;-37,3237489;-59,1218344
SM-C04-24;MONTIEL 381, TANDIL;5;11;-37,3240251;-59,1217721
SM-C04-27;MONTIEL 401, TANDIL;3;13;-37,3249458;-59,1210962
SM-C04-28;MONTIEL 284, TANDIL;0;16;-37,3251764;-59,1209518
SM-C04-29;MONTIEL 245, TANDIL;1;7;-37,3256822;-59,1206647
SM-C04-37;MONTIEL 54, TANDIL;4;4;-37,327994;-59,1195811
SM-C04-41;MONTIEL 5, TANDIL;2;6;-37,328237;-59,1188504
SM-C04-42;AVELLANEDA 1550, TANDIL;6;2;-37,328297;-59,1184216
SM-C05-04;11 DE SEPTIEMBRE 880, TANDIL;7;9;-37,3182779;-59,1268988
SM-C05-05;11 DE SEPTIEMBRE 851, TANDIL;5;3;-37,3188191;-59,1266187
SM-C05-07;11 DE SEPTIEMBRE 821, TANDIL;4;12;-37,3191909;-59,1262751
SM-C05-08;11 DE SEPTIEMBRE 771, TANDIL;9;7;-37,3196783;-59,1260272
SM-C05-09;11 DE SEPTIEMBRE 729, TANDIL;7;1;-37,320247;-59,125694
SM-C05-11;11 DE SEPTIEMBRE 706, TANDIL;4;12;-37,3205576;-59,1254643
SM-C05-12;11 DE SEPTIEMBRE 689, TANDIL;4;12;-37,3206916;-59,1254315
SM-C05-13;11 DE SEPTIEMBRE 653, TANDIL;8;0;-37,3213497;-59,1250761
SM-C05-15;11 DE SEPTIEMBRE 626, TANDIL;6;10;-37,3216538;-59,1247805
SM-C05-16;11 DE SEPTIEMBRE 579, TANDIL;1;15;-37,3221165;-59,1244713
SM-C05-17;11 DE SEPTIEMBRE 557, TANDIL;1;7;-37,3223216;-59,124386
SM-C05-19;11 DE SEPTIEMBRE 508, TANDIL;1;15;-37,3229943;-59,1242925
SM-C05-20;11 DE SEPTIEMBRE 487, TANDIL;2;14;-37,3230992;-59,1238957
SM-C05-21;11 DE SEPTIEMBRE 463, TANDIL;8;8;-37,3236179;-59,1236685
SM-C05-22;11 DE SEPTIEMBRE 445, TANDIL;1;15;-37,3238477;-59,1236258
SM-C05-23;11 DE SEPTIEMBRE 407, TANDIL;3;13;-37,3243341;-59,1232832
SM-C05-24;11 DE SEPTIEMBRE 380, TANDIL;5;11;-37,3247242;-59,123073
SM-C05-25;11 DE SEPTIEMBRE 325, TANDIL;0;8;-37,3252174;-59,1227727
SM-C05-27;11 DE SEPTIEMBRE 306, TANDIL;3;13;-37,3255381;-59,1227858
SM-C05-28;11 DE SEPTIEMBRE 287, TANDIL;1;15;-37,325642;-59,1224725
SM-C05-29;11 DE SEPTIEMBRE 241, TANDIL;4;4;-37,3262234;-59,1221596
SM-C05-31;11 DE SEPTIEMBRE 211, TANDIL;9;7;-37,3266619;-59,1219424
SM-C05-32;11 DE SEPTIEMBRE 169, TANDIL;0;16;-37,327128;-59,1216557
SM-C05-33;11 DE SEPTIEMBRE 141, TANDIL;3;5;-37,3273212;-59,121521
SM-C05-35;11 DE SEPTIEMBRE 120, TANDIL;7;9;-37,3278701;-59,12121
SM-C05-36;11 DE SEPTIEMBRE 82, TANDIL;1;15;-37,3281191;-59,1210679
SM-C05-41;AVELLANEDA 1454, TANDIL;3;5;-37,3287974;-59,1198093
SM-C05-42;AVELLANEDA 1403, TANDIL;5;11;-37,3290507;-59,1204301
SM-C06-09;ROCA 745, TANDIL;8;0;-37,3206775;-59,1272958
SM-C06-11;ROCA 717, TANDIL;5;11;-37,3211183;-59,1270731
SM-C06-16;ROCA 593, TANDIL;3;13;-37,3224635;-59,126195
SM-C06-17;ROCA 550, TANDIL;8;0;-37,3229521;-59,1258987
SM-C06-19;ROCA 510, TANDIL;5;11;-37,3233634;-59,1257753
SM-C06-20;ROCA 498, TANDIL;10;6;-37,3236205;-59,1254878
SM-C06-21;ROCA 542, TANDIL;7;9;-37,3241882;-59,1251361
SM-C06-24;ROCA 390, TANDIL;13;3;-37,3249816;-59,1247488
SM-C06-25;Roca 349, TANDIL;2;6;-37,3255419;-59,1244114
SM-C06-28;Roca 278, TANDIL;3;13;-37,3264129;-59,1238398
SM-C06-29;ROCA 250, TANDIL;2;6;-37,3267165;-59,1236344
SM-C06-31;ROCA 201, TANDIL;0;16;-37,3271876;-59,1234088
SM-C06-32;ROCA 195, TANDIL;6;10;-37,3273859;-59,1233632
SM-C06-33;ROCA 141, TANDIL;1;7;-37,3276643;-59,1232128
SM-C06-36;ROCA 95, TANDIL;1;15;-37,3285266;-59,1226063
SM-C06-39;ROCA 2, TANDIL;3;13;-37,3294777;-59,1220597
SM-C06-41-DV;AVELLANEDA 1255, TANDIL;5;3;-37,3298348;-59,1226621
SM-C06-42;AVELLANEDA 1244, TANDIL;1;15;-37,3299428;-59,1228159
SM-C07-04;ALSINA 895, TANDIL;8;8;-37,3195753;-59,129736
SM-C07-05;ALSINA 847, TANDIL;4;4;-37,320039;-59,129509
SM-C07-07;ALSINA 801, TANDIL;5;11;-37,3205265;-59,1290935
SM-C07-08;ALSINA 797, TANDIL;7;9;-37,3206485;-59,1290726
SM-C07-09;ALSINA 741, TANDIL;1;7;-37,3212204;-59,1288398
SM-C07-11;ALSINA 713, TANDIL;6;10;-37,3215433;-59,128577
SM-C07-12;ALSINA 691, TANDIL;3;13;-37,321867;-59,1283945
SM-C07-13;ALSINA 640, TANDIL;2;6;-37,3223204;-59,1280639
SM-C07-15;ALSINA 615, TANDIL;4;12;-37,3227712;-59,1278094
SM-C07-16;ALSINA 592, TANDIL;3;13;-37,3230571;-59,1277258
SM-C07-17;ALSINA 561, TANDIL;1;7;-37,3234831;-59,1273268
SM-C07-19;ALSINA 533, TANDIL;6;10;-37,3236958;-59,1272445
SM-C07-20;ALSINA 490, TANDIL;2;14;-37,3241887;-59,12692
SM-C07-21;ALSINA 454, TANDIL;2;14;-37,3247225;-59,1266594
SM-C07-22;ALSINA 445, TANDIL;4;12;-37,3248728;-59,1265795
SM-C07-23;ALSINA 405, TANDIL;4;12;-37,325653;-59,1266375
SM-C07-24;ALSINA 375, TANDIL;3;13;-37,3258309;-59,1260903
SM-C07-25;ALSINA 331, TANDIL;0;8;-37,3262554;-59,1258113
SM-C07-27;ALSINA 301, TANDIL;0;16;-37,3265414;-59,1255581
SM-C07-28;ALSINA 285, TANDIL;2;14;-37,326709;-59,1254792
SM-C07-29;ALSINA 253, TANDIL;2;6;-37,3271537;-59,1252481
SM-C07-31;ALSINA 201, TANDIL;1;15;-37,327714;-59,1248665
SM-C07-32;ALSINA 167, TANDIL;3;13;-37,3282568;-59,1246292
SM-C07-35;ALSINA 119, TANDIL;1;15;-37,3288829;-59,1243108
SM-C07-36;ALSINA 93, TANDIL;10;6;-37,3291012;-59,1241127
SM-C07-39;ALSINA 5, TANDIL;5;11;-37,3299978;-59,1235569
SM-C07-41;AVELLANEDA 1140, TANDIL;1;7;-37,330667;-59,1243467
SM-C07-42-DV;AVELLANEDA 1124, TANDIL;3;13;-37,330689;-59,124714
SM-C08-04;4 DE ABRIL 875, TANDIL;4;12;-37,3202489;-59,1311295
SM-C08-07;4 DE ABRIL 802, TANDIL;4;12;-37,3211081;-59,1304804
SM-C08-08;4 DE ABRIL 795, TANDIL;6;10;-37,3213709;-59,1304344
SM-C08-09;4 DE ABRIL 745, TANDIL;1;7;-37,3218451;-59,1301379
SM-C08-11;4 DE ABRIL 701, TANDIL;0;16;-37,3220818;-59,1299656
SM-C08-12;4 DE ABRIL 690, TANDIL;5;11;-37,3223761;-59,1298618
SM-C08-13;4 DE ABRIL 664, TANDIL;2;6;-37,3228074;-59,1295941
SM-C08-15;4 DE ABRIL 618, TANDIL;3;13;-37,3231795;-59,1293964
SM-C08-16;4 DE ABRIL 598, TANDIL;9;7;-37,3235743;-59,1291635
SM-C08-17;4 DE ABRIL 552, TANDIL;0;8;-37,3240256;-59,128838
SM-C08-19;4 DE ABRIL 511, TANDIL;3;13;-37,3245458;-59,1285928
SM-C08-20;4 DE ABRIL 470, TANDIL;2;14;-37,3250307;-59,1283409
SM-C08-21;4 DE ABRIL 451, TANDIL;1;15;-37,3254912;-59,1279984
SM-C08-23;4 DE ABRIL 403, TANDIL;5;11;-37,3259376;-59,1277364
SM-C08-24;4 DE ABRIL 398, TANDIL;1;15;-37,3261288;-59,1276173
SM-C08-25;4 DE ABRIL 350, TANDIL;0;8;-37,3266108;-59,1273116
SM-C08-27;4 DE ABRIL 310, TANDIL;3;13;-37,3271402;-59,1270703
SM-C08-28;4 DE ABRIL 289, TANDIL;1;15;-37,3273498;-59,1269523
SM-C08-29;4 DE ABRIL 237, TANDIL;3;5;-37,327923;-59,1265731
SM-C08-31;4 DE ABRIL 202, TANDIL;6;10;-37,3282578;-59,1263628
SM-C08-32;4 DE ABRIL 180, TANDIL;2;14;-37,3285187;-59,1261557
SM-C08-33;4 DE ABRIL 161, TANDIL;7;1;-37,3290218;-59,1259501
SM-C08-35;4 DE ABRIL 110, TANDIL;7;9;-37,3295836;-59,1256575
SM-C08-36;4 DE ABRIL 77, TANDIL;7;9;-37,3298578;-59,1253997
SM-C09-04;SANTAMARINA 895, TANDIL;2;14;-37,3206162;-59,1326357
SM-C09-07;SANTAMARINA 801, TANDIL;0;16;-37,3216464;-59,1320281
SM-C09-08;SANTAMARINA 790, TANDIL;0;16;-37,3217386;-59,1319967
SM-C09-09;SANTAMARINA 760, TANDIL;0;8;-37,3222794;-59,1317518
SM-C09-11;SANTAMARINA 728, TANDIL;0;16;-37,3225181;-59,1314489
SM-C09-12;SANTAMARINA 698, TANDIL;2;14;-37,3230079;-59,1312078
SM-C09-13;SANTAMARINA 644, TANDIL;0;8;-37,3236183;-59,1309474
SM-C09-15;SANTAMARINA 609, TANDIL;0;16;-37,3238566;-59,1310253
SM-C09-16;SANTAMARINA 577, TANDIL;2;14;-37,3243406;-59,1306007
SM-C09-17;SANTAMARINA 549, TANDIL;0;8;-37,3247044;-59,1303575
SM-C09-19;SANTAMARINA 519, TANDIL;0;16;-37,3249261;-59,1302195
SM-C09-20;SANTAMARINA 483, TANDIL;3;13;-37,3252662;-59,1301053
SM-C09-21;SANTAMARINA 451, TANDIL;1;7;-37,32606;-59,129454
SM-C09-23;SANTAMARINA 405, TANDIL;2;14;-37,3265005;-59,1291986
SM-C09-24;SANTAMARINA 388, TANDIL;0;16;-37,3271978;-59,1290422
SM-C09-25;SANTAMARINA 380, TANDIL;1;7;-37,3271459;-59,1287593
SM-C09-32;SANTAMARINA 189, TANDIL;6;10;-37,3292312;-59,1277054
SM-C09-33-DV;SANTAMARINA 149, TANDIL;2;6;-37,3294927;-59,1273648
SM-C09-35;SANTAMARINA 115, TANDIL;15;1;-37,3299114;-59,1272239
SM-C09-36;SANTAMARINA 97, TANDIL;5;11;-37,3303327;-59,1270545
SM-C09-37;4 DE ABRIL 40, TANDIL;2;6;-37,3303029;-59,1252549
SM-C08-38;AVELLANEDA 1066, TANDIL;1;15;-37,3308068;-59,1249888
SM-C09-41;AVELLANEDA 1024, TANDIL;1;7;-37,3313088;-59,1260887
SM-C09-42-DV;AVELLANEDA 1025, TANDIL;1;15;-37,3312543;-59,1261921
SM-C10-04;GENERAL PAZ 896, TANDIL;8;8;-37,3212417;-59,1343906
SM-C10-05-DV;GENERAL PAZ 862, TANDIL;3;5;-37,321811;-59,1341115
SM-C10-07;GENERAL PAZ 809, TANDIL;2;14;-37,3222244;-59,1338704
SM-C10-08;GENERAL PAZ 776, TANDIL;2;14;-37,3226791;-59,1335229
SM-C10-16;GENERAL PAZ 570, TANDIL;0;16;-37,3249873;-59,1321921
SM-C10-19;GENERAL PAZ 530, TANDIL;0;16;-37,3254353;-59,1318424
SM-C10-21;GENERAL PAZ 465, TANDIL;3;5;-37,3265085;-59,1311491
SM-C10-23;GENERAL PAZ 402, TANDIL;1;15;-37,3271667;-59,1308324
SM-C10-24;GENERAL PAZ 395, TANDIL;0;16;-37,3273697;-59,130732
SM-C10-25;GENERAL PAZ 348, TANDIL;2;6;-37,3278718;-59,1304157
SM-C10-27;GENERAL PAZ 305, TANDIL;1;15;-37,3283128;-59,130133
SM-C10-28;GENERAL PAZ 285, TANDIL;2;14;-37,3285771;-59,1299655
SM-C10-29;GENERAL PAZ 227, TANDIL;3;5;-37,3291809;-59,1296792
SM-C10-31;GENERAL PAZ 210, TANDIL;2;14;-37,3294493;-59,1295213
SM-C10-32;GENERAL PAZ 186, TANDIL;9;7;-37,3296057;-59,129353
SM-C10-35;GENERAL PAZ 110, TANDIL;11;5;-37,3307076;-59,1287086
SM-C10-36;GENERAL PAZ 81, TANDIL;9;7;-37,3309288;-59,1284693
SM-C10-37;SANTAMARINA 29, TANDIL;1;7;-37,3308361;-59,1265909
SM-C10-39;SANTAMARINA 10, TANDIL;3;13;-37,3311985;-59,1263764
SM-C10-41;AVELLANEDA 966, TANDIL;7;1;-37,3316184;-59,1272091
SM-C10-42;GENERAL PAZ 3, TANDIL;11;5;-37,33187;-59,1279561
SM-C04-20;Montiel 496, TANDIL;6;10;-37,318901;-59,1247342
SM-C04-16;Montiel 580, TANDIL;5;11;-37,3216455;-59,1234199
SM-C06-05;General Roca 859, TANDIL;7;1;-37,319408;-59,128026
SM-C06-07;Roca 851, TANDIL;14;2;-37,319876;-59,127618
SM-C06-13;General Roca 663, TANDIL;3;5;-37,3215051;-59,1266479
SM-C04-25;Montiel 355, TANDIL;6;10;-37,32421;-59,1213931
SM-C10-15;General paz 614, TANDIL;6;10;-37,3245141;-59,132458
SM-C01-04;AV BUZON 884, TANDIL;3;13;-37,3162958;-59,1210498
SM-C01-05;BUZÓN 840, TANDIL;2;6;-37,316908;-59,1207812
SM-C10-33;GENERAL PAZ 150, TANDIL;7;1;-37,3303898;-59,129134
SM-C10-12;GENERAL PAZ 695, TANDIL;3;13;-37,3236514;-59,1326693
SM-C06-04;GENERAL ROCA 890 , TANDIL;12;4;-37,3190737;-59,1285977
SM-C04-17;MONTIEL 553, TANDIL;0;8;-37,3217411;-59,1228801
SM-C04-21;Montiel 461, TANDIL;1;15;-37,3230354;-59,1222783
SM-C04-31;Montiel 204, TANDIL;1;15;-37,3259995;-59,12043033
SM-C04-32;Montiel 197, TANDIL;15;1;-37,3262638;-59,1203352
SM-C04-33;Montiel 165, TANDIL;0;8;-37,326555;-59,1201571
SM-C04-35;Montiel 102, TANDIL;5;11;-37,3273341;-59,1200118
SM-C04-36;Montiel 90, TANDIL;0;16;-37,3274673;-59,1196756
SM-C04-39;Avellaneda 1486, TANDIL;11;5;-37,3284123;-59,1194765
SM-C05-43;Avellaneda 1396, TANDIL;2;14;-37,32919833;-59,12063829
SM-C06-08;Roca 797, TANDIL;11;5;-37,320078;-59,1275998
SM-C06-12;Roca 693, TANDIL;3;13;-37,32125067;-59,12691137
SM-C06-15;Roca 605, TANDIL;3;13;-37,32229422;-59,12633124
SM-C06-27;General Roca 302, TANDIL;1;15;-37,3261091;-59,1242343
SM-C06-35;Roca 102, TANDIL;4;12;-37,3284219;-59,1227677
SM-C06-37;Roca 28, TANDIL;0;8;-37,3293047;-59,122271
SM-C07-37;Alsina 32, TANDIL;2;6;-37,3298869;-59,1236206
SM-C08-05;4 De Abril 833, TANDIL;0;8;-37,3208051;-59,1307661
SM-C09-27;Santamarina 322, TANDIL;1;15;-37,3275441;-59,1288687
SM-C09-28;Santamarina 287, TANDIL;1;15;-37,32787318;-59,12838118
SM-C09-29;Santamarina 265, TANDIL;0;8;-37,32822561;-59,12821524
SM-C09-31;Santamarina 217, TANDIL;3;13;-37,329064;-59,1279198
SM-C10-09;General Paz 743, TANDIL;0;8;-37,3230549;-59,13334527
SM-C10-11;General Paz 726, TANDIL;4;12;-37,3231446;-59,1332539
SM-C10-13;General Paz 649, TANDIL;3;13;-37,3241229;-59,1327444
SM-C10-17;General Paz 570, TANDIL;2;14;-37,32513635;-59,13218404
SM-C10-20;General Paz 494, TANDIL;1;15;-37,32593233;-59,13163725
SM-C02-42;Avellaneda 1638, TANDIL;2;14;-37,32784022;-59,11706177
SM-C05-44;11 De Septiembre 37, TANDIL;2;6;-37,32872522;-59,12072028
SM-C01-10;Av Buzón 752, TANDIL;5;3;-37,3179125;-59,1201491
SM-C09-18-DV;Belgrano 972, TANDIL;2;6;-37,3267788;-59,1298073
SM-C09-30-DV;Av. Santamarina 149, TANDIL;3;5;-37,329416;-59,1272186
SM-C09-39-DV;Avellaneda 1066, TANDIL;6;10;-37,3309443;-59,1255052
SM-C02-03-DV;Av. Marconi 1650, TANDIL;3;5;-37,3166615;-59,1233121
SM-C05-30-DV;Maipu 1350, TANDIL;6;2;-37,3257674;-59,1233659
SM-C05-14-DV;Sarmiento 1415, TANDIL;4;4;-37,3206126;-59,125148
SM-C08-14-DV;San Martín 1062, TANDIL;6;2;-37,3234538;-59,1299037
SM-C10-30-DV;General Paz 249, TANDIL;7;1;-37,32908;-59,1295601
SM-C05-06-DV;Marconi 1357, TANDIL;3;5;-37,3186656;-59,1274844
SM-C08-26;1 de Mayo 1104, TANDIL;7;1;-37,3251987;-59,1281383
SM-C10-26-DV;MAIPU 930, TANDIL;6;2;-37,3281094;-59,1297481
SM-C10-22-DV;PAZ 533, TANDIL;7;1;-37,3254354;-59,1317714
SM-C09-14-DV;SANTAMARINA 555, TANDIL;5;3;-37,3245198;-59,1302051
SM-C05-18-DV;Pinto 1372, TANDIL;3;5;-37,3231104;-59,1246153
SM-C08-10-DV;Sarmiento 1153, TANDIL;4;4;-37,3221481;-59,1291422
SM-C08-30-DV;Maipu 1120, TANDIL;4;4;-37,3267964;-59,1269455
SM-C06-34-DV;Roca 135, TANDIL;3;5;-37,3280544;-59,1227766
SM-C10-34-DV;25 de mayo 840, TANDIL;3;5;-37,3300099;-59,1299868
SM-C10-18-DV;Belgrano 975 - Nexus II, TANDIL;5;11;-37,3228885;-59,1202992
SM-C05-34-DV;Maipu 1335, TANDIL;3;5;-37,3260244;-59,1234956
SM-C09-06-DV;San Martín 1001, TANDIL;5;3;-37,3240545;-59,1305023
SM-C03-06;Mitre 1542, TANDIL;2;6;-37,3185558;-59,1243009
SM-C07-14-DV;Pinto 1142, TANDIL;3;5;-37,3242928;-59,1280203
SM-C01-14-DV;Av. Buzón 530, TANDIL;1;7;-37,3204217;-59,1185478
SM-C03-03;Mitre 1551, TANDIL;2;6;-37,3187704;-59,1239876
SM-C08-34-DV;25 de mayo 1069, TANDIL;2;6;-37,3287886;-59,126693
C04-R014-01;Alsina1204, TANDIL;7;1;-37,3157818;-59,1322584
C04-R013-04;Las Heras y 4 de Abril, TANDIL;3;5;-37,3174873;-59,1327602
C06-R021-01;11 de Septiembre 1010, TANDIL;3;5;-37,3169677;-59,1280117
C06-R022-01;Montevideo y 11 de Septiembre , TANDIL;4;4;-37,3194679;-59,1262271
R022-02;11 de Septiembre y las Heras , TANDIL;3;5;-37,3158364;-59,1283553
R026-03;Montevideo y 11 de Septiembre, TANDIL;8;0;-37,3194679;-59,1262271
C07-R027-03;Uriburu y 11 de Septiembre, TANDIL;11;-3;-37,3122847;-59,1304442
C03-R011-01;4 de abril 1402, TANDIL;2;6;-37,3138844;-59,1350066
C03-R012-01;4 de abril 1506, TANDIL;7;1;-37,3128238;-59,135853
C03-R009-01;4 de Abril y Garibaldi , TANDIL;4;4;-37,3186692;-59,1320703
C03-R009-02;4 de Abril y Av. Marconi , TANDIL;2;6;-37,319888;-59,1313378
C03-R009-03;Garibaldi 1001, TANDIL;4;4;-37,3192923;-59,1333931
C03-R010-02;Las Heras 1090, TANDIL;3;5;-37,3176812;-59,132755
C03-R010-03;Montevideo y Colon, TANDIL;4;4;-37,3169866;-59,1348518
C03-R010-04;Pellegrini y Av Colon, TANDIL;7;1;-37,3157541;-59,1354711
C03-R011-02;4 de Abril 1306, TANDIL;1;7;-37,3151556;-59,1342423
C03-R011-03;Uriburu 1015, TANDIL;2;6;-37,3144994;-59,1362489
C03-R011-04;E.Arana 1016, TANDIL;4;4;-37,3132682;-59,1367698
C03-R012-02;Machado 1019, TANDIL;1;7;-37,3123349;-59,137398
C04-R013-01;Alsina 1010, TANDIL;2;6;-37,3177242;-59,1306975
C04-R013-02;Alsina y Av. Marconi, TANDIL;2;6;-37,3191337;-59,1299846
C04-R013-03;Garibaldi y 4 de Abril, TANDIL;5;3;-37,3186661;-59,1319859
C04-R014-02;Alsina 1108, TANDIL;4;4;-37,3168083;-59,1313217
C04-R014-03;Montevideo 1197, TANDIL;3;5;-37,3163581;-59,1333836
C04-R014-04;Pellegrini y 4 de Abril, TANDIL;7;1;-37,3151234;-59,1340991
C04-R015-01;Alsina 1402, TANDIL;2;6;-37,3132674;-59,1334468
C04-R015-02;Pellegrini y Alsina , TANDIL;6;2;-37,3144598;-59,1327427
C04-R015-03;Uriburu y 4 de Abril, TANDIL;7;1;-37,3129495;-59,135223
C04-R015-04;Arana y 4 de Abril , TANDIL;0;8;-37,3126558;-59,1356377
C04-R016-01;4 de abril 1518, TANDIL;0;8;-37,3120265;-59,1342859
C05-R017-01;Roca y Garibaldi, TANDIL;7;1;-37,3175246;-59,1291422
C05-R017-02;Av. Marconi y Roca , TANDIL;5;3;-37,3187663;-59,1284086
C05-R017-03;Garibaldi y Alsina , TANDIL;5;3;-37,3181128;-59,1305989
C05-R018-01;Montevideo 1202, TANDIL;6;2;-37,3156552;-59,1320069
C05-R018-02;Las Heras 1292, TANDIL;4;4;-37,3163134;-59,1299232
C05-R018-03;Montevideo 1199, TANDIL;1;7;-37,3158774;-59,1318689
C05-R018-04;Pellegrini 1207, TANDIL;1;7;-37,314563;-59,1324605
C05-R018-05;Pje Castelli y Pellegrini, TANDIL;0;8;-37,3143726;-59,1320376
C05-R018-06;Montevideo y Pje Castelli, TANDIL;0;8;-37,3155058;-59,1312934
C05-R019-01;Roca 1418, TANDIL;0;8;-37,3126576;-59,1320923
C05-R019-02;Pellegrini y Roca , TANDIL;4;4;-37,314077;-59,131498
C05-R019-03;Uriburu y Alsina , TANDIL;4;4;-37,3133721;-59,1332376
C05-R019-04;Arana y Alsina , TANDIL;6;2;-37,3122696;-59,1338865
C05-R020-01;Roca 1298, TANDIL;7;1;-37,3115594;-59,1327182
C05-R020-02;Av. Machado y Alsina , TANDIL;2;6;-37,3111744;-59,1345614
C06-R021-02;11 de Septiembre y Av Marconi, TANDIL;4;4;-37,3182204;-59,1269469
C06-R021-03;Garibaldi y Roca , TANDIL;2;6;-37,3175594;-59,1290356
C06-R021-04;Las Heras y Roca , TANDIL;3;5;-37,3164753;-59,1297419
C06-R022-02;11 de Septiembre y las Heras , TANDIL;1;7;-37,3158409;-59,1284854
C06-R022-03;Roca y Montevideo, TANDIL;4;4;-37,3153462;-59,1305071
C06-R022-04;Pellegrini y Roca , TANDIL;5;3;-37,3139807;-59,1311505
C06-R023-01;11 de septiembre y Uriburu , TANDIL;7;1;-37,3123149;-59,1305187
C06-R023-03;Uriburu y Roca , TANDIL;6;2;-37,3128346;-59,1318969
C06-R023-04;Arana y Roca , TANDIL;2;6;-37,3116769;-59,1324541
C06-R024-01;Arana y 11 de Septiembre , TANDIL;7;1;-37,3109563;-59,131361
C07-R026-03;11 de septiembre 1199, TANDIL;7;1;-37,3147385;-59,1289565
C01-R001-01;Garibaldi y Gral Paz, TANDIL;2;6;-37,31972367;-59,13540555
C01-R001-02;Las Heras y Gral Paz, TANDIL;0;8;-37,32092515;-59,13471018
C01-R001-03;Garibaldi y Alem, TANDIL;0;8;-37,32050753;-59,13647427
C01-R001-04;Las Heras y Alem, TANDIL;2;6;-37,31935447;-59,13718307
C01-R002-01;Garibaldi y Gral Paz, TANDIL;2;6;-37,31749501;-59,13675046
C01-R002-02;Las Heras y Gral Paz, TANDIL;2;6;-37,31859575;-59,13606282
C01-R002-03;Alem y Montevideo, TANDIL;2;6;-37,31816012;-59,13789141
C01-R002-04;Alem y Pellegrini, TANDIL;0;8;-37,31705737;-59,13862283
C01-R003-01;Uriburu y Sta Ana, TANDIL;0;8;-37,31610348;-59,13835367
C01-R003-02;Hospital, TANDIL;1;7;-37,31553891;-59,13862211
C01-R003-03;Alem y Arana, TANDIL;0;8;-37,31464343;-59,13999929
C01-R003-04;Arana y Sta Ana, TANDIL;0;8;-37,31494027;-59,1389941
C01-R004-01;Arana y Gral Paz, TANDIL;4;4;-37,31394728;-59,13889492
C01-R004-02;Machado y Alem, TANDIL;0;8;-37,31350267;-59,1406952
C01-R004-03;Machado y Alem, TANDIL;1;7;-37,31324806;-59,14089158
C01-R004-04;Machado y Gral Paz, TANDIL;0;8;-37,31271886;-59,13942817
C02-R005-01;Garibaldi y Colon, TANDIL;2;6;-37,31931242;-59,13384933
C02-R005-02;Las Heras y Colon, TANDIL;0;8;-37,32040886;-59,13315198
C02-R005-03;Garibaldi y Gral Paz, TANDIL;5;3;-37,31996925;-59,13499732
C02-R005-04;Las Heras y Gral Paz, TANDIL;4;4;-37,31880724;-59,13570938
C02-R006-01;Montevideo y Colon, TANDIL;2;6;-37,31690784;-59,13521735
C02-R006-02;Las Heras y Colon, TANDIL;3;5;-37,31812979;-59,13446867
C02-R006-03;Gral Paz y Montevideo, TANDIL;3;5;-37,31762025;-59,13647612
C02-R006-04;Gral Paz y Pellegrini, TANDIL;2;6;-37,3164935;-59,13711881
C02-R007-01;Pellegrini y Colon, TANDIL;4;4;-37,31576248;-59,1359567
C02-R007-02;Uriburu y Gral Paz, TANDIL;2;6;-37,31547479;-59,13770767
C02-R008-01;Aranay Colon, TANDIL;2;6;-37,31340681;-59,13727455
C02-R008-02;Uriburu y Colon, TANDIL;1;7;-37,31430629;-59,13673236
C02-R008-03;Arana y Gral Paz, TANDIL;0;8;-37,3140938;-59,13857149
C02-R008-04;Gral Paz y Machado, TANDIL;4;4;-37,31295375;-59,1392106
C03-R009-04;Av. Colon y Las Heras , TANDIL;4;4;-37,3180736;-59,1340636
C03-R010-01;4 de Abril y Montevideo, TANDIL;2;6;-37,31630351;-59,13363456
C04-R016-02;Av. Machado y 4 de Abril, TANDIL;1;7;-37,3120134;-59,1354918
C05-R017-04;Alsina y Las Heras, TANDIL;4;4;-37,31701197;-59,13114726
C06-R023-02;11 de Septiembre y Pellegrini, TANDIL;3;5;-37,31346835;-59,12998627
C06-R024-02;Gral Roca y Machado, TANDIL;6;2;-37,31070926;-59,13312274
C05-R025-01;Montiel y Garibaldi, TANDIL;5;3;-37,31640765;-59,12634356
C05-R025-02;Montiel y Marconi, TANDIL;3;5;-37,31761717;-59,12565039
C05-R025-03;11 de Septiembre y Garibaldi, TANDIL;0;8;-37,31704522;-59,12752123
C05-R025-04;11 de Septiembre y Las Heras, TANDIL;2;6;-37,3158929;-59,12823134
C07-R026-01;Montiel y Garibaldi, TANDIL;4;4;-37,31409609;-59,12769617
C07-R026-02;Montiel y Las Heras, TANDIL;6;2;-37,31528261;-59,12707135
C07-R026-04;Pellegrini y 11 de Septiembre, TANDIL;1;7;-37,313474;-59,1295974
C07-R027-01;Montiel y Uriburu, TANDIL;1;7;-37,31175471;-59,12918539
C07-R027-02;Montiel  y Pellegrini, TANDIL;2;6;-37,3128279;-59,128364
C07-R027-04;Arana y 11 de Septiembre, TANDIL;2;6;-37,3110048;-59,1308405
C07-R028-01;Montiel y Arana, TANDIL;5;3;-37,3106249;-59,1298049
C07-R028-02;Av Machado 1405, TANDIL;3;5;-37,3100788;-59,1315535
C08-R029-01;Moreno y Garibaldi, TANDIL;4;4;-37,3160397;-59,1249111
C08-R029-02;Moreno y Av. Marconi, TANDIL;0;8;-37,3168758;-59,1242374
C08-R029-03;Garibaldi1505, TANDIL;0;8;-37,3164222;-59,1259983
C08-R029-04;Las Heras y Montiel, TANDIL;5;3;-37,3153662;-59,1267928
C08-R030-01;Montevideo 1590, TANDIL;5;3;-37,31357;-59,1262577
C08-R030-02;Moreno 1102, TANDIL;1;7;-37,3146765;-59,1254237
C08-R030-03;Montiel y Montevideo, TANDIL;4;4;-37,3140858;-59,1275299
C08-R030-04;Pellegrini y Montiel, TANDIL;1;7;-37,3129152;-59,1282812
C08-R031-01;Moreno 1402, TANDIL;2;6;-37,3110716;-59,1275991
C08-R031-02;Moreno y Pellegrini, TANDIL;0;8;-37,3122969;-59,1268384
C08-R031-03;Uriburu y Montiel, TANDIL;7;1;-37,3116924;-59,1288728
C08-R031-04;Arana y Montiel, TANDIL;2;6;-37,310772;-59,1295927
C08-R032-01;Moreno y Arana, TANDIL;4;4;-37,3100807;-59,1283433
C08-R032-02;Av. Machado y Montiel, TANDIL;1;7;-37,3095199;-59,1301638
C09-R033-01;Saavedra y Garibaldi, TANDIL;0;8;-37,31533314;-59,12338062
C09-R033-02;Av. Marconi y Saavedra, TANDIL;2;6;-37,316474;-59,1224961
C09-R033-03;Moreno y Garibaldi, TANDIL;5;3;-37,3160539;-59,1246653
C09-R033-04;Moreno y Saavedra, TANDIL;4;4;-37,3146813;-59,1254039
C09-R034-01;Saavedra y Montevideo, TANDIL;1;7;-37,3128643;-59,1246201
C09-R034-02;Saavedra y Las Heras, TANDIL;1;7;-37,3140877;-59,1240391
C09-R034-03;Montevideo y Moreno, TANDIL;0;8;-37,3136264;-59,1260185
C09-R034-04;Pellegrini y Moreno, TANDIL;3;5;-37,3123866;-59,1266822
C09-R035-01;Saavedra 1406, TANDIL;5;3;-37,3105373;-59,1260987
C09-R035-02;Saavedra y Pellegrini, TANDIL;3;5;-37,3117885;-59,1254899
C09-R035-03;Moreno y Uriburu, TANDIL;1;7;-37,3110272;-59,1276378
C09-R035-04;Moreno y Arana, TANDIL;0;8;-37,31011525;-59,12802918
C09-R036-01;Saavedra y Machado, TANDIL;4;4;-37,3084295;-59,1273466
C09-R036-02;Saavedra 1514, TANDIL;5;3;-37,3093527;-59,1267421
C09-R036-03;Machado y Moreno, TANDIL;4;4;-37,3087396;-59,1289404
C09-R036-04;Pje Guernica y Moreno, TANDIL;4;4;-37,3081932;-59,1291669
C10-R037-01;Av. Balbin y Garibaldi, TANDIL;4;4;-37,3147363;-59,1219112
C10-R037-02;Av. Balbin y Marconi, TANDIL;1;7;-37,3160628;-59,1208883
C10-R037-03;Saavedra y Garibaldi, TANDIL;2;6;-37,31540722;-59,12308232
C10-R037-04;Saavedra y Las Heras, TANDIL;1;7;-37,3142432;-59,12373679
C10-R038-01;Av. Balbin y Montevideo, TANDIL;2;6;-37,3124944;-59,1232881
C10-R038-02;Balbín y Las Heras, TANDIL;1;7;-37,31359949;-59,1226848
C10-R038-03;Saavedra y Montevideo, TANDIL;2;6;-37,31309163;-59,1245225
C10-R038-04;Saavedra y Pellegrini, TANDIL;0;8;-37,31188125;-59,12515956
C10-R039-01;Balbín y Uriburu, TANDIL;1;7;-37,30999931;-59,12482134
C10-R039-02;Balbín y Pellegrini, TANDIL;4;4;-37,31121996;-59,12406089
C10-R039-03;Saavedra y Uriburu, TANDIL;1;7;-37,31066409;-59,12586388
C10-R039-04;Saavedra y Arana, TANDIL;1;7;-37,30949809;-59,12658718
C10-R040-01;Balbín y Machado, TANDIL;6;2;-37,30767954;-59,12612605
C10-R040-02;Balbín y Arana, TANDIL;0;8;-37,30881411;-59,12547194
C10-R040-03;Saavedra y Machado, TANDIL;3;5;-37,30837608;-59,12728566
C10-R040-04;Saavedra y Pje Guernica, TANDIL;2;6;-37,3077243;-59,12767123
C10-R041-01;Newton y Colombia, TANDIL;1;7;-37,3146437;-59,1192816
C10-R041-02;Colombia y Av. Espora, TANDIL;1;7;-37,3150433;-59,119115
C10-R041-03;Edison y Av. Balbin, TANDIL;0;8;-37,3153195;-59,1213469
C10-R041-04;Av. Balbin y Garibaldi, TANDIL;0;8;-37,3148698;-59,1216286
C10-R042-01;Colombia y Cuba, TANDIL;2;6;-37,3136567;-59,1211317
C10-R042-02;Edison y Colombia, TANDIL;0;8;-37,314317;-59,1202769
C10-R042-03;Cuba 934, TANDIL;0;8;-37,3142507;-59,1215395
C10-R042-04;Av. Balbin y Haiti, TANDIL;0;8;-37,3132865;-59,1224066
C10-R043-01;Colombia y Guatemala, TANDIL;1;7;-37,31243203;-59,12275626
C10-R043-02;Av. Balbin 1157, TANDIL;1;7;-37,3127201;-59,1229078
C11-R044-01;Linier y Newton, TANDIL;0;8;-37,3138269;-59,1185455
C11-R044-02;Av Espora y Liniers, TANDIL;2;6;-37,3143915;-59,1175469
C11-R044-03;Newton y Colombia, TANDIL;0;8;-37,3149102;-59,119447
C11-R044-04;Edison y Colombia, TANDIL;0;8;-37,3143122;-59,1202444
C11-R045-01;Liniers 1202, TANDIL;2;6;-37,3127839;-59,1199998
C11-R045-02;Liniers y Edison p, TANDIL;1;7;-37,3133338;-59,1191209
C11-R045-03;Colombia 1197, TANDIL;5;3;-37,3138733;-59,1207883
C11-R045-04;Haití 1013, TANDIL;6;2;-37,3124883;-59,1220716
C11-R046-01;Liniers y Guatemala, TANDIL;3;5;-37,3109949;-59,1223264
C11-R046-02;Liniers y Haití, TANDIL;2;6;-37,3117201;-59,1210733
C11-R046-03;Guatemala 1023, TANDIL;0;8;-37,3118459;-59,1231289
C11-R047-01;Liniers 1637, TANDIL;2;6;-37,3088481;-59,1247881
C11-R047-02;Balbín y Rauch, TANDIL;0;8;-37,3094417;-59,124995
C11-R048-01;Franklin y Newton, TANDIL;2;6;-37,3132649;-59,11784462
C11-R048-02;Franklin y Espora, TANDIL;0;8;-37,31363657;-59,11733469
C11-R048-03;Liniers y Newton, TANDIL;2;6;-37,31393305;-59,11828991
C11-R048-04;Liniers y Edison, TANDIL;0;8;-37,31347009;-59,11885638
C11-R049-01;Franklin y Cuba, TANDIL;3;5;-37,31219534;-59,11918757
C11-R049-02;Franklin y Edison, TANDIL;0;8;-37,31280309;-59,11832149
C11-R049-03;Liniers y Cuba, TANDIL;2;6;-37,31282553;-59,11965998
C11-R049-04;Liniers y Haití, TANDIL;0;8;-37,31195613;-59,12084074
C11-R050-01;Franklin y Méjico, TANDIL;6;2;-37,30938454;-59,12263315
C11-R050-02;Franklin y Guatemala, TANDIL;1;7;-37,31035898;-59,12148034
C11-R050-03;Liniers y Méjico, TANDIL;3;5;-37,31002533;-59,1230765
C11-R050-04;Liniers y Rauch, TANDIL;2;6;-37,30924274;-59,12430907
C11-R051-01;Franklin y Honduras, TANDIL;1;7;-37,30758545;-59,12492511
C11-R051-02;Franklin y Rauch, TANDIL;1;7;-37,30850458;-59,12378534
C11-R051-03;Balbín y Honduras, TANDIL;8;0;-37,30831664;-59,12541287
C11-R051-04;Balbín y Pje Guernica, TANDIL;0;8;-37,30735739;-59,12594078
C14-R052-01;Piedrabuena y Newton, TANDIL;2;6;-37,3118691;-59,1164796
C14-R052-02;Av Espora y Piedrabuena, TANDIL;1;7;-37,3126768;-59,1153511
C14-R052-03;Newton y Primera Junta, TANDIL;0;8;-37,3127246;-59,1176268
C14-R052-04;Cuba y Primera Junta, TANDIL;4;4;-37,311737;-59,1185609
C14-R053-01;Piedrabuena y Cuba, TANDIL;0;8;-37,3110293;-59,1176754
C14-R053-02;Haiti 1207, TANDIL;1;7;-37,3111961;-59,119313
C14-R053-03;Piñero y Haiti, TANDIL;0;8;-37,3108483;-59,1188883
C14-R053-04;1ra Junta y Jurado, TANDIL;1;7;-37,3105236;-59,1204472
C14-R054-01;Piñero 1403, TANDIL;0;8;-37,3094153;-59,1203049
C14-R054-02;Piñero y Jurado, TANDIL;0;8;-37,3101336;-59,1198079
C14-R054-03;Primera Junta y Guatemala, TANDIL;0;8;-37,3099517;-59,12082
C14-R054-04;México 1207, TANDIL;0;8;-37,3092963;-59,1215812
C14-R055-01;Gomez y Piñero, TANDIL;2;6;-37,3084339;-59,1220648
C14-R055-02;Piñero y México, TANDIL;3;5;-37,308781;-59,1213283
C14-R055-03;Gomez 1207, TANDIL;0;8;-37,3087783;-59,12264
C14-R055-04;Rauch y Primera Junta, TANDIL;2;6;-37,3081459;-59,1230684
C14-R056-01;Peyrel 1298, TANDIL;2;6;-37,3067333;-59,1228
C14-R056-02;Rauch y Piedrabuena, TANDIL;0;8;-37,3071483;-59,122135
C14-R056-03;Peyrel y Primera Junta, TANDIL;2;6;-37,3082596;-59,1233987
C14-R056-04;Pío XII y Primera Junta, TANDIL;3;5;-37,3068687;-59,1246957
C14-R057-01;Pío XII 1206, TANDIL;2;6;-37,3067633;-59,1246667
C14-R057-02;Guemes Sur 1299, TANDIL;4;4;-37,3062167;-59,12527
C14-R057-03;Piedrabuena y Guemes sur, TANDIL;0;8;-37,30549;-59,124445
C14-R057-04;Pío XII y Pugliese, TANDIL;0;8;-37,3081483;-59,1270133
C14-R058-01;Piedrabuena y Guatemala, TANDIL;1;7;-37,30899;-59,119886
C14-R058-02;Piedrabuena y Jurado, TANDIL;1;7;-37,3095714;-59,1190565
C14-R058-03;Piñeiro y Guatemala, TANDIL;1;7;-37,30955271;-59,12024016
C14-R058-04;Piñeiro y México, TANDIL;1;7;-37,3088838;-59,1210217
C14-R059-01;Piedrabuena y Gomez, TANDIL;5;3;-37,3077454;-59,1214697
C14-R059-02;México y Piedrabuena, TANDIL;2;6;-37,3081534;-59,1206197
C14-R059-03;Gomez 1301, TANDIL;0;8;-37,3082896;-59,1219095
C14-R059-04;Rauch 1253, TANDIL;1;7;-37,3074321;-59,1224328
C14-R060-01;Colectora J C Pugliese y Newton, TANDIL;2;6;-37,31098733;-59,11555974
C14-R060-02;Colectora J C Pugliese y Espora, TANDIL;0;8;-37,31214216;-59,1147475
C14-R060-03;Piedrabuena y Newton, TANDIL;3;5;-37,31190438;-59,11629292
C14-R060-04;Piedrabuena y Cuba, TANDIL;0;8;-37,31103849;-59,11746062
C14-R061-01;Colectora J C Pugliese y Haití, TANDIL;1;7;-37,30949182;-59,11749485
C14-R061-02;Colectora J C Pugliese y Cuba, TANDIL;1;7;-37,3104629;-59,11704795
C14-R061-03;Piedrabuena y Haití, TANDIL;0;8;-37,31038138;-59,11821414
C14-R061-04;Piedrabuena y Jurado, TANDIL;0;8;-37,30944467;-59,1185547
C14-R062-01;Colectora J C Pugliese y Guatemala, TANDIL;1;7;-37,30835701;-59,11910606
C14-R062-02;Colectora J C Pugliese y Jurado, TANDIL;0;8;-37,3089343;-59,11832812
C14-R062-03;Piedrabuena y Guatemala, TANDIL;0;8;-37,30905026;-59,11956535
C14-R062-04;Piedrabuena y Méjico, TANDIL;0;8;-37,3084351;-59,12047003
C14-R063-01;Colectora J C Pugliese y Gómez, TANDIL;1;7;-37,30707989;-59,12073002
C14-R063-02;Colectora J C Pugliese y Méjico, TANDIL;1;7;-37,30770242;-59,11991097
C14-R063-03;Piedrabuena y Gómez, TANDIL;0;8;-37,30785002;-59,12116654
C14-R063-04;Piedrabuena y Rauch, TANDIL;1;7;-37,30728515;-59,12190277
C14-R064-01;Colectora J C Pugliese y Peyrel, TANDIL;0;8;-37,30584761;-59,12247997
C14-R064-02;Colectora J C Pugliese y Rauch, TANDIL;0;8;-37,30663254;-59,1215125
C14-R064-03;Piedrabuena y Peyrel, TANDIL;4;4;-37,30663483;-59,12270145
C14-R064-04;Piedrabuena y Pío XII, TANDIL;8;0;-37,30595184;-59,12352112
DV-58-01;14 de Julio 473, TANDIL;1;7;-37,3294483;-59,1395139
RIM-001;Chacabuco 350, TANDIL;2;6;-37,3305266;-59,1374591
RIM-002;Fuerte independencia 348, TANDIL;7;1;-37,3300992;-59,1360958
RIM-003;General Rodriguez 333, TANDIL;2;6;-37,3297275;-59,134428
RIM-004;9 de Julio 290, TANDIL;1;7;-37,3298465;-59,1332098
RIM-005;Belgrano 725, TANDIL;0;8;-37,3282641;-59,1332777
RIM-022;Ezeiza y Suipacha, TANDIL;2;6;-37,3366141;-59,1480209
RIM-021;Brandsen 240, TANDIL;2;6;-37,3345608;-59,1440718
RIM-031;Gral. Rodríguez 999, TANDIL;0;8;-37,3215706;-59,1394082
RIM-033;San lorenzo 843, TANDIL;1;7;-37,3255537;-59,1437518
RIM-032;14 de Julio 1169, TANDIL;2;6;-37,3210416;-59,1446034
C01-R004-05;Av. del Valle 835, TANDIL;3;5;-37,312194;-59,1410293
RIM-025;Bolivia y Dhers, TANDIL;1;7;-37,3413158;-59,1488286
RIM-023;Chaco 750 , TANDIL;2;6;-37,3313478;-59,1529547
RIM-081;Saavedra Lamas 151, TANDIL;3;5;-37,347944;-59,1319485
RIM-051;Rosales 2760, TANDIL;1;7;-37,2930778;-59,1307442
RIM-052;Basilico y Muñiz , TANDIL;1;7;-37,2952992;-59,1211868
RIM-053;Ijurco y Chapaleofu, TANDIL;2;6;-37,2934254;-59,1143014
RIM-054;Independencia 2380, TANDIL;1;7;-37,2910464;-59,1200544
RIM-061;Jurado y Darragueira, TANDIL;1;7;-37,3069207;-59,1156596
RIM-062;Cuba 1600, TANDIL;1;7;-37,3081275;-59,1140944
C03-R010-05-DV;Av. Colón 1219, TANDIL;3;5;-37,3165811;-59,1349591
RIM-006;9 de julio 441, TANDIL;1;7;-37,3279903;-59,1340348
RIM-034;Brandsen 1155, TANDIL;0;8;-37,3233371;-59,1503737
RIM-027;Juldain 51, TANDIL;1;7;-37,339354;-59,1402273
RIM-055;Chapaleofú 2900, TANDIL;1;7;-37,2847553;-59,1252307
RIM-056;Independencia 2062, TANDIL;1;7;-37,2938948;-59,1163378
RIM-065;Caseros 1775, TANDIL;1;7;-37,3130401;-59,1039379
RIM-063;Casacuberta 994, TANDIL;1;7;-37,3074093;-59,1085105
RIM-073;Pasaje Salceda 719, TANDIL;1;7;-37,325095;-59,1129809
RIM-067;AV. Mons. Actis y Muñiz , TANDIL;1;7;-37,3062453;-59,1073189
RIM-071;Loberia Y Tacuari, TANDIL;2;6;-37,3339368;-59,1140183
RIM-057;Aeronautica Argentina 1400, TANDIL;1;7;-37,2977695;-59,1286675
RIM-042;Quintana 503, TANDIL;1;7;-37,30809;-59,141737
RIM-082;Guido 471, TANDIL;1;7;-37,340459;-59,1314033
RIM-064;Argerich 968, TANDIL;0;8;-37,3058001;-59,1057061
RIM-072;Fleming y Ariztegui, TANDIL;1;7;-37,3333;-59,10907
RIM-043;Patagonia 977, TANDIL;3;5;-37,2984768;-59,1408246
RIM-041;Saen Peña 541, TANDIL;0;8;-37,305884;-59,1396971
RIM-036;Juan b Justo 238, TANDIL;1;7;-37,3174382;-59,1562933
RIM-037;Rodríguez 1260, TANDIL;2;6;-37,31863;-59,1414579
RIM-038;9 de Julio 1205, TANDIL;1;7;-37,3184595;-59,139328
RIM-058;San Francisco 2162, TANDIL;0;8;-37,2943373;-59,1178035
RIM-066;Peyrel y Darragueira , TANDIL;1;7;-37,3038494;-59,1195664
RIM-044;Ameghino y Ruta 226, TANDIL;2;6;-37,2981512;-59,1321786
RIM-024;Ezeiza 10, TANDIL;0;8;-37,338965;-59,1470113
RIM-083;Avellaneda 550, TANDIL;2;6;-37,3337334;-59,1331302
RIM-035;Cheverrier 342, TANDIL;1;7;-37,3202204;-59,1560301
RIM-011;Jujuy 46, TANDIL;1;7;-37,3088434;-59,1513758
RIM-012;Kramer 250, TANDIL;1;7;-37,3098849;-59,1546143
RIM-013;García y Cardiel, TANDIL;1;7;-37,3116068;-59,1599171
RIM-014;De la Canal y Las Animas , TANDIL;1;7;-37,3005915;-59,1639527
RIM-047;Pasteur 1153, TANDIL;1;7;-37,2996482;-59,1352176
RIM-026;De los granaderos 198, TANDIL;1;7;-37,3411042;-59,1453567
RIM-068;Malvinas 1913, TANDIL;1;7;-37,3079913;-59,1069192
RIM-045;Sáenz Peña 742, TANDIL;1;7;-37,3042506;-59,142412
RIM-046;Av. Del valle 1420, TANDIL;2;6;-37,3080992;-59,1316141
RURALINK OLT2;RURALINK, TANDIL;3;45;-37,320178;-59,1182755
RURALINK OLT3;RURALINK OLT3, TANDIL;3;45;-37,320178;-59,1182755
RIM-007;Fournier 19, TANDIL;1;7;-37,3263638;-59,1344908
C03-R012-04-DV;Machado 1161, TANDIL;2;6;-37,3117209;-59,1355058
RIM-MUNI-01;Belgrano 417, TANDIL;4;4;-37,329861;-59,1373477
RIM-MUNI-02;Belgrano 485, TANDIL;0;8;-37,3298481;-59,1374252
SM-C02-25;SAAVEDRA 362, TANDIL;0;16;-37,3233333;-59,1187711
SM-C01-10-DV;AV BUZON 752, TANDIL;0;16;-37,3287999;-59,1367167
SM-C05-10-DV;Mitre 1347, TANDIL;4;4;-37,3199598;-59,1270979
C15-RXX-001;San Martin 590, , TANDIL;1;7;-37,3263817;-59,1370649
RIM-085;Guido 272, TANDIL;2;6;-37,3376712;-59,1327444
RIM-084;Dorrego 775, TANDIL;1;7;-37,345847;-59,1353327
C02-R008-05;Arana y colon, TANDIL;1;7;-37,3133603;-59,1370099
SM-C10-N10;Mitre 880, TANDIL;0;16;-37,3287999;-59,1367167
R002-05-DV;General paz 1133, TANDIL;5;3;-37,3182303;-59,1360446
